{"mean":{"confidence_interval":{"confidence_level":0.95,"lower_bound":2454783.8941624993,"upper_bound":2515255.3025374995},"point_estimate":2482120.0419999994,"standard_error":15475.676447930407},"median":{"confidence_interval":{"confidence_level":0.95,"lower_bound":2438787.5,"upper_bound":2481929.15},"point_estimate":2463959.375,"standard_error":9918.247355401065},"median_abs_dev":{"confidence_interval":{"confidence_level":0.95,"lower_bound":69801.02915078319,"upper_bound":110155.65837934626},"point_estimate":92576.02571144707,"standard_error":10611.97102191418},"slope":null,"std_dev":{"confidence_interval":{"confidence_level":0.95,"lower_bound":87327.69633927922,"upper_bound":225250.74802282907},"point_estimate":154996.0056104506,"standard_error":38280.75991672946}}