{"mean":{"confidence_interval":{"confidence_level":0.95,"lower_bound":1133383.4232802172,"upper_bound":1138366.7913275126},"point_estimate":1135745.304930996,"standard_error":1275.0744757959378},"median":{"confidence_interval":{"confidence_level":0.95,"lower_bound":1131476.142857143,"upper_bound":1134726.079500786},"point_estimate":1133358.1720074152,"standard_error":720.1111536332604},"median_abs_dev":{"confidence_interval":{"confidence_level":0.95,"lower_bound":5475.835871854973,"upper_bound":9426.82674212645},"point_estimate":7327.850545580332,"standard_error":989.8988732574466},"slope":{"confidence_interval":{"confidence_level":0.95,"lower_bound":1131817.1648701,"upper_bound":1138205.2400583962},"point_estimate":1134608.0804965273,"standard_error":1647.6745942912792},"std_dev":{"confidence_interval":{"confidence_level":0.95,"lower_bound":8899.862433722672,"upper_bound":16289.458698506625},"point_estimate":12834.381079778253,"standard_error":1888.2049726501732}}