{"mean":{"confidence_interval":{"confidence_level":0.95,"lower_bound":19302441.267583333,"upper_bound":19590961.42108334},"point_estimate":19452439.72666667,"standard_error":73105.12199358564},"median":{"confidence_interval":{"confidence_level":0.95,"lower_bound":19259333.333333332,"upper_bound":19634583.333333332},"point_estimate":19367875.166666668,"standard_error":94928.10651522464},"median_abs_dev":{"confidence_interval":{"confidence_level":0.95,"lower_bound":495322.3194062691,"upper_bound":746643.2771444321},"point_estimate":640328.9982318906,"standard_error":65740.08695673182},"slope":null,"std_dev":{"confidence_interval":{"confidence_level":0.95,"lower_bound":525863.425057108,"upper_bound":982555.305943104},"point_estimate":731998.7363021087,"standard_error":126769.2377745653}}