{"mean":{"confidence_interval":{"confidence_level":0.95,"lower_bound":20058783.55441667,"upper_bound":20368247.21316667},"point_estimate":20204662.223333336,"standard_error":78891.52538932845},"median":{"confidence_interval":{"confidence_level":0.95,"lower_bound":19970319.333333332,"upper_bound":20232340.166666668},"point_estimate":20109902.833333336,"standard_error":67811.25272201002},"median_abs_dev":{"confidence_interval":{"confidence_level":0.95,"lower_bound":423097.2145885248,"upper_bound":721038.034299016},"point_estimate":569575.6209880114,"standard_error":77953.37967232162},"slope":null,"std_dev":{"confidence_interval":{"confidence_level":0.95,"lower_bound":553131.3288683572,"upper_bound":1068615.9722597464},"point_estimate":793743.2522688409,"standard_error":142276.0428057628}}