{"mean":{"confidence_interval":{"confidence_level":0.95,"lower_bound":2532897.679737501,"upper_bound":2545965.1850000005},"point_estimate":2539420.8095,"standard_error":3332.863678827657},"median":{"confidence_interval":{"confidence_level":0.95,"lower_bound":2529040.625,"upper_bound":2548789.6},"point_estimate":2537913.525,"standard_error":4907.75634600902},"median_abs_dev":{"confidence_interval":{"confidence_level":0.95,"lower_bound":27092.95778900378,"upper_bound":41027.87787660929},"point_estimate":35111.37735664851,"standard_error":3315.8931394968013},"slope":null,"std_dev":{"confidence_interval":{"confidence_level":0.95,"lower_bound":28893.90134868247,"upper_bound":37582.0233972604},"point_estimate":33500.378550460846,"standard_error":2213.8507426507226}}