{"mean":{"confidence_interval":{"confidence_level":0.95,"lower_bound":19918009.710083332,"upper_bound":20502637.28066667},"point_estimate":20212807.77333334,"standard_error":149569.68160573946},"median":{"confidence_interval":{"confidence_level":0.95,"lower_bound":19987347.166666664,"upper_bound":20702791.666666668},"point_estimate":20355020.833333332,"standard_error":198462.49151228924},"median_abs_dev":{"confidence_interval":{"confidence_level":0.95,"lower_bound":1205158.3225041647,"upper_bound":1968285.6403559446},"point_estimate":1684635.1075917492,"standard_error":183386.79453005997},"slope":null,"std_dev":{"confidence_interval":{"confidence_level":0.95,"lower_bound":1322356.6399747676,"upper_bound":1654864.2925165049},"point_estimate":1502911.5612063927,"standard_error":84965.47188710392}}