{"mean":{"confidence_interval":{"confidence_level":0.95,"lower_bound":22899108.918333333,"upper_bound":23496272.574999996},"point_estimate":23200372.22,"standard_error":151934.13008685285},"median":{"confidence_interval":{"confidence_level":0.95,"lower_bound":23031326.333333336,"upper_bound":23830555.666666668},"point_estimate":23404541.666666664,"standard_error":192123.8153088747},"median_abs_dev":{"confidence_interval":{"confidence_level":0.95,"lower_bound":994021.3467375961,"upper_bound":1837909.258070589},"point_estimate":1308167.8860753793,"standard_error":223816.1506330785},"slope":null,"std_dev":{"confidence_interval":{"confidence_level":0.95,"lower_bound":1326785.9150910194,"upper_bound":1693864.1384743988},"point_estimate":1524871.8548878033,"standard_error":93602.02068146782}}